country,ip
ip: 238.13.204.112
bogon: True

----------

ip: 174.118.177.188
hostname: cpe1033bf8a0524-cm1033bf8a0522.cpe.net.cable.rogers.com
city: Grand Falls-Windsor
region: Newfoundland and Labrador
country: CA
loc: 48.9332,-55.6649
org: AS812 Rogers Communications Canada Inc.
postal: A2A
timezone: America/St_Johns
country_name: Canada
isEU: False
country_flag: {'emoji': '🇨🇦', 'unicode': 'U+1F1E8 U+1F1E6'}
country_currency: {'code': 'CAD', 'symbol': '$'}
continent: {'code': 'NA', 'name': 'North America'}
latitude: 48.9332
longitude: -55.6649

----------

ip: 224.103.104.154
bogon: True

----------

ip: 204.63.128.35
city: Bloomington
region: Illinois
country: US
loc: 40.4842,-88.9937
postal: 61701
timezone: America/Chicago
country_name: United States
isEU: False
country_flag: {'emoji': '🇺🇸', 'unicode': 'U+1F1FA U+1F1F8'}
country_currency: {'code': 'USD', 'symbol': '$'}
continent: {'code': 'NA', 'name': 'North America'}
latitude: 40.4842
longitude: -88.9937

----------

ip: 88.170.51.37
hostname: riv38-1_migr-88-170-51-37.fbx.proxad.net
city: Esternay
region: Grand Est
country: FR
loc: 48.7323,3.5616
org: AS12322 Free SAS
postal: 51310
timezone: Europe/Paris
country_name: France
isEU: True
country_flag: {'emoji': '🇫🇷', 'unicode': 'U+1F1EB U+1F1F7'}
country_currency: {'code': 'EUR', 'symbol': '€'}
continent: {'code': 'EU', 'name': 'Europe'}
latitude: 48.7323
longitude: 3.5616

----------

ip: 63.65.163.119
city: Angola
region: New York
country: US
loc: 42.6384,-79.0278
org: AS701 Verizon Business
postal: 14006
timezone: America/New_York
country_name: United States
isEU: False
country_flag: {'emoji': '🇺🇸', 'unicode': 'U+1F1FA U+1F1F8'}
country_currency: {'code': 'USD', 'symbol': '$'}
continent: {'code': 'NA', 'name': 'North America'}
latitude: 42.6384
longitude: -79.0278

----------

ip: 53.77.165.132
city: Stuttgart
region: Baden-Wurttemberg
country: DE
loc: 48.7464,9.1255
org: AS31399 Mercedes-Benz Group AG
postal: 70569
timezone: Europe/Berlin
country_name: Germany
isEU: True
country_flag: {'emoji': '🇩🇪', 'unicode': 'U+1F1E9 U+1F1EA'}
country_currency: {'code': 'EUR', 'symbol': '€'}
continent: {'code': 'EU', 'name': 'Europe'}
latitude: 48.7464
longitude: 9.1255

----------

ip: 10.88.196.43
bogon: True

----------

ip: 241.239.187.80
bogon: True

----------

ip: 27.79.183.211
hostname: localhost
city: Hanoi
region: Hanoi
country: VN
loc: 21.0245,105.8412
org: AS7552 Viettel Group
postal: 10000
timezone: Asia/Bangkok
country_name: Vietnam
isEU: False
country_flag: {'emoji': '🇻🇳', 'unicode': 'U+1F1FB U+1F1F3'}
country_currency: {'code': 'VND', 'symbol': '₫'}
continent: {'code': 'AS', 'name': 'Asia'}
latitude: 21.0245
longitude: 105.8412

----------

ip: 209.109.229.4
city: Monroe
region: Louisiana
country: US
loc: 32.5530,-92.0422
postal: 71203
timezone: America/Chicago
country_name: United States
isEU: False
country_flag: {'emoji': '🇺🇸', 'unicode': 'U+1F1FA U+1F1F8'}
country_currency: {'code': 'USD', 'symbol': '$'}
continent: {'code': 'NA', 'name': 'North America'}
latitude: 32.5530
longitude: -92.0422

----------

ip: 190.139.142.125
hostname: host125.190-139-142.telecom.net.ar
city: Resistencia
region: Chaco
country: AR
loc: -27.4606,-58.9839
org: AS7303 Telecom Argentina S.A.
postal: 3500
timezone: America/Argentina/Cordoba
country_name: Argentina
isEU: False
country_flag: {'emoji': '🇦🇷', 'unicode': 'U+1F1E6 U+1F1F7'}
country_currency: {'code': 'ARS', 'symbol': '$'}
continent: {'code': 'SA', 'name': 'South America'}
latitude: -27.4606
longitude: -58.9839

----------

ip: 206.46.57.42
city: Ashburn
region: Virginia
country: US
loc: 39.0437,-77.4875
org: AS6976 Verizon Business
postal: 20147
timezone: America/New_York
country_name: United States
isEU: False
country_flag: {'emoji': '🇺🇸', 'unicode': 'U+1F1FA U+1F1F8'}
country_currency: {'code': 'USD', 'symbol': '$'}
continent: {'code': 'NA', 'name': 'North America'}
latitude: 39.0437
longitude: -77.4875

----------

ip: 131.192.148.230
city: Monroe
region: Louisiana
country: US
loc: 32.5530,-92.0422
postal: 71203
timezone: America/Chicago
country_name: United States
isEU: False
country_flag: {'emoji': '🇺🇸', 'unicode': 'U+1F1FA U+1F1F8'}
country_currency: {'code': 'USD', 'symbol': '$'}
continent: {'code': 'NA', 'name': 'North America'}
latitude: 32.5530
longitude: -92.0422

----------

ip: 129.187.131.229
city: Garching
region: Bavaria
country: DE
loc: 48.2490,11.6510
org: AS12816 Leibniz-Rechenzentrum
postal: 85748
timezone: Europe/Berlin
country_name: Germany
isEU: True
country_flag: {'emoji': '🇩🇪', 'unicode': 'U+1F1E9 U+1F1EA'}
country_currency: {'code': 'EUR', 'symbol': '€'}
continent: {'code': 'EU', 'name': 'Europe'}
latitude: 48.2490
longitude: 11.6510

----------

ip: 64.48.49.118
hostname: ip64-48-49-118.z49-48-64.customer.algx.net
city: Ashburn
region: Virginia
country: US
loc: 39.0437,-77.4875
org: AS2828 Verizon Business
postal: 20147
timezone: America/New_York
country_name: United States
isEU: False
country_flag: {'emoji': '🇺🇸', 'unicode': 'U+1F1FA U+1F1F8'}
country_currency: {'code': 'USD', 'symbol': '$'}
continent: {'code': 'NA', 'name': 'North America'}
latitude: 39.0437
longitude: -77.4875

----------

ip: 24.11.80.126
hostname: c-24-11-80-126.hsd1.ut.comcast.net
city: Salt Lake City
region: Utah
country: US
loc: 40.6681,-111.9083
org: AS33660 Comcast Cable Communications, LLC
postal: 84165
timezone: America/Denver
country_name: United States
isEU: False
country_flag: {'emoji': '🇺🇸', 'unicode': 'U+1F1FA U+1F1F8'}
country_currency: {'code': 'USD', 'symbol': '$'}
continent: {'code': 'NA', 'name': 'North America'}
latitude: 40.6681
longitude: -111.9083

----------

ip: 80.245.78.236
hostname: fttx-pool-80.245.78.236.bambit.de
city: Bamberg
region: Bavaria
country: DE
loc: 49.8883,10.9185
org: AS198570 Stadtnetz Bamberg Gesellschaft fuer Telekommunikation mbH
postal: 96050
timezone: Europe/Berlin
country_name: Germany
isEU: True
country_flag: {'emoji': '🇩🇪', 'unicode': 'U+1F1E9 U+1F1EA'}
country_currency: {'code': 'EUR', 'symbol': '€'}
continent: {'code': 'EU', 'name': 'Europe'}
latitude: 49.8883
longitude: 10.9185

----------

ip: 234.180.213.246
bogon: True

----------

ip: 61.15.105.119
hostname: cm61-15-105-119.hkcable.com.hk
city: Hong Kong
region: Central and Western
country: HK
loc: 22.2783,114.1747
org: AS9908 HK Cable TV Ltd
timezone: Asia/Hong_Kong
country_name: Hong Kong
isEU: False
country_flag: {'emoji': '🇭🇰', 'unicode': 'U+1F1ED U+1F1F0'}
country_currency: {'code': 'HKD', 'symbol': '$'}
continent: {'code': 'AS', 'name': 'Asia'}
latitude: 22.2783
longitude: 114.1747

----------

ip: 128.33.215.82
city: Cambridge
region: Massachusetts
country: US
loc: 42.3770,-71.1256
org: AS11488 BBN Technologies Corp.
postal: 02138
timezone: America/New_York
country_name: United States
isEU: False
country_flag: {'emoji': '🇺🇸', 'unicode': 'U+1F1FA U+1F1F8'}
country_currency: {'code': 'USD', 'symbol': '$'}
continent: {'code': 'NA', 'name': 'North America'}
latitude: 42.3770
longitude: -71.1256

----------

ip: 48.188.134.113
city: Newark
region: New Jersey
country: US
loc: 40.7357,-74.1724
postal: 07102
timezone: America/New_York
country_name: United States
isEU: False
country_flag: {'emoji': '🇺🇸', 'unicode': 'U+1F1FA U+1F1F8'}
country_currency: {'code': 'USD', 'symbol': '$'}
continent: {'code': 'NA', 'name': 'North America'}
latitude: 40.7357
longitude: -74.1724

----------

ip: 36.165.136.137
city: Jinrongjie
region: Beijing
country: CN
loc: 39.9122,116.3561
org: AS9808 China Mobile Communications Group Co., Ltd.
timezone: Asia/Shanghai
country_name: China
isEU: False
country_flag: {'emoji': '🇨🇳', 'unicode': 'U+1F1E8 U+1F1F3'}
country_currency: {'code': 'CNY', 'symbol': '¥'}
continent: {'code': 'AS', 'name': 'Asia'}
latitude: 39.9122
longitude: 116.3561

----------

ip: 53.235.191.117
city: Stuttgart
region: Baden-Wurttemberg
country: DE
loc: 48.7464,9.1255
org: AS31399 Mercedes-Benz Group AG
postal: 70569
timezone: Europe/Berlin
country_name: Germany
isEU: True
country_flag: {'emoji': '🇩🇪', 'unicode': 'U+1F1E9 U+1F1EA'}
country_currency: {'code': 'EUR', 'symbol': '€'}
continent: {'code': 'EU', 'name': 'Europe'}
latitude: 48.7464
longitude: 9.1255

----------

ip: 45.197.213.179
city: Ashburn
region: Virginia
country: US
loc: 39.0437,-77.4875
org: AS328608 Africa on Cloud
postal: 20149
timezone: America/New_York
country_name: United States
isEU: False
country_flag: {'emoji': '🇺🇸', 'unicode': 'U+1F1FA U+1F1F8'}
country_currency: {'code': 'USD', 'symbol': '$'}
continent: {'code': 'NA', 'name': 'North America'}
latitude: 39.0437
longitude: -77.4875

----------

ip: 245.96.116.11
bogon: True

----------

ip: 247.105.56.27
bogon: True

----------

ip: 104.172.245.110
hostname: cpe-104-172-245-110.socal.res.rr.com
city: Los Angeles
region: California
country: US
loc: 34.0298,-118.3528
org: AS20001 Charter Communications Inc
postal: 90016
timezone: America/Los_Angeles
country_name: United States
isEU: False
country_flag: {'emoji': '🇺🇸', 'unicode': 'U+1F1FA U+1F1F8'}
country_currency: {'code': 'USD', 'symbol': '$'}
continent: {'code': 'NA', 'name': 'North America'}
latitude: 34.0298
longitude: -118.3528

----------

ip: 90.112.99.101
hostname: lfbn-gre-1-384-101.w90-112.abo.wanadoo.fr
city: Grenoble
region: Auvergne-Rhône-Alpes
country: FR
loc: 45.1787,5.7148
org: AS3215 Orange S.A.
postal: 38046 CEDEX 9
timezone: Europe/Paris
country_name: France
isEU: True
country_flag: {'emoji': '🇫🇷', 'unicode': 'U+1F1EB U+1F1F7'}
country_currency: {'code': 'EUR', 'symbol': '€'}
continent: {'code': 'EU', 'name': 'Europe'}
latitude: 45.1787
longitude: 5.7148

----------

ip: 31.213.136.146
city: Marienheide
region: North Rhine-Westphalia
country: DE
loc: 51.0832,7.5309
org: AS3320 Deutsche Telekom AG
postal: 51709
timezone: Europe/Berlin
country_name: Germany
isEU: True
country_flag: {'emoji': '🇩🇪', 'unicode': 'U+1F1E9 U+1F1EA'}
country_currency: {'code': 'EUR', 'symbol': '€'}
continent: {'code': 'EU', 'name': 'Europe'}
latitude: 51.0832
longitude: 7.5309

----------

ip: 50.169.25.54
hostname: c-50-169-25-54.unallocated.comcastbusiness.net
city: Washington
region: Washington, D.C.
country: US
loc: 38.8951,-77.0364
org: AS7922 Comcast Cable Communications, LLC
postal: 20004
timezone: America/New_York
country_name: United States
isEU: False
country_flag: {'emoji': '🇺🇸', 'unicode': 'U+1F1FA U+1F1F8'}
country_currency: {'code': 'USD', 'symbol': '$'}
continent: {'code': 'NA', 'name': 'North America'}
latitude: 38.8951
longitude: -77.0364

----------

ip: 169.56.157.70
hostname: 46.9d.38a9.ip4.static.sl-reverse.com
city: Dallas
region: Texas
country: US
loc: 32.9374,-96.7872
postal: 75240
timezone: America/Chicago
country_name: United States
isEU: False
country_flag: {'emoji': '🇺🇸', 'unicode': 'U+1F1FA U+1F1F8'}
country_currency: {'code': 'USD', 'symbol': '$'}
continent: {'code': 'NA', 'name': 'North America'}
latitude: 32.9374
longitude: -96.7872

----------

ip: 205.143.90.181
city: Long Beach
region: California
country: US
loc: 33.7927,-118.1638
postal: 90822
timezone: America/Los_Angeles
country_name: United States
isEU: False
country_flag: {'emoji': '🇺🇸', 'unicode': 'U+1F1FA U+1F1F8'}
country_currency: {'code': 'USD', 'symbol': '$'}
continent: {'code': 'NA', 'name': 'North America'}
latitude: 33.7927
longitude: -118.1638

----------

ip: 63.47.176.227
hostname: host227.sub-63-47-176.myvzw.com
city: Livingston
region: New Jersey
country: US
loc: 40.7959,-74.3149
org: AS6167 Verizon Business
postal: 07039
timezone: America/New_York
country_name: United States
isEU: False
country_flag: {'emoji': '🇺🇸', 'unicode': 'U+1F1FA U+1F1F8'}
country_currency: {'code': 'USD', 'symbol': '$'}
continent: {'code': 'NA', 'name': 'North America'}
latitude: 40.7959
longitude: -74.3149

----------

ip: 104.128.152.235
hostname: coip-104-128-152-235.wizard.ca
city: Vancouver
region: British Columbia
country: CA
loc: 49.2497,-123.1193
org: AS393653 Wizard Tower Techno Services
postal: V5Y
timezone: America/Vancouver
country_name: Canada
isEU: False
country_flag: {'emoji': '🇨🇦', 'unicode': 'U+1F1E8 U+1F1E6'}
country_currency: {'code': 'CAD', 'symbol': '$'}
continent: {'code': 'NA', 'name': 'North America'}
latitude: 49.2497
longitude: -123.1193

----------

ip: 57.114.166.151
city: Chicago
region: Illinois
country: US
loc: 41.8500,-87.6500
org: AS714 Apple Inc.
postal: 60666
timezone: America/Chicago
country_name: United States
isEU: False
country_flag: {'emoji': '🇺🇸', 'unicode': 'U+1F1FA U+1F1F8'}
country_currency: {'code': 'USD', 'symbol': '$'}
continent: {'code': 'NA', 'name': 'North America'}
latitude: 41.8500
longitude: -87.6500

----------

ip: 158.194.152.157
city: Olomouc
region: Olomoucký
country: CZ
loc: 49.5955,17.2518
org: AS2852 CESNET z.s.p.o.
postal: 772 00
timezone: Europe/Prague
country_name: Czech Republic
isEU: True
country_flag: {'emoji': '🇨🇿', 'unicode': 'U+1F1E8 U+1F1FF'}
country_currency: {'code': 'CZK', 'symbol': 'KÄ'}
continent: {'code': 'EU', 'name': 'Europe'}
latitude: 49.5955
longitude: 17.2518

----------

ip: 215.62.154.183
city: Columbus
region: Ohio
country: US
loc: 39.9690,-83.0114
org: AS749 DoD Network Information Center
postal: 43218
timezone: America/New_York
country_name: United States
isEU: False
country_flag: {'emoji': '🇺🇸', 'unicode': 'U+1F1FA U+1F1F8'}
country_currency: {'code': 'USD', 'symbol': '$'}
continent: {'code': 'NA', 'name': 'North America'}
latitude: 39.9690
longitude: -83.0114

----------

ip: 72.239.83.76
hostname: 072-239-083-076.res.spectrum.com
city: Orlando
region: Florida
country: US
loc: 28.5383,-81.3792
org: AS33363 Charter Communications, Inc
postal: 32801
timezone: America/New_York
country_name: United States
isEU: False
country_flag: {'emoji': '🇺🇸', 'unicode': 'U+1F1FA U+1F1F8'}
country_currency: {'code': 'USD', 'symbol': '$'}
continent: {'code': 'NA', 'name': 'North America'}
latitude: 28.5383
longitude: -81.3792

----------

ip: 56.172.16.135
city: Raleigh
region: North Carolina
country: US
loc: 35.7977,-78.6253
postal: 27668
timezone: America/New_York
country_name: United States
isEU: False
country_flag: {'emoji': '🇺🇸', 'unicode': 'U+1F1FA U+1F1F8'}
country_currency: {'code': 'USD', 'symbol': '$'}
continent: {'code': 'NA', 'name': 'North America'}
latitude: 35.7977
longitude: -78.6253

----------

ip: 30.58.168.113
city: Columbus
region: Ohio
country: US
loc: 39.9690,-83.0114
org: AS749 DoD Network Information Center
postal: 43218
timezone: America/New_York
country_name: United States
isEU: False
country_flag: {'emoji': '🇺🇸', 'unicode': 'U+1F1FA U+1F1F8'}
country_currency: {'code': 'USD', 'symbol': '$'}
continent: {'code': 'NA', 'name': 'North America'}
latitude: 39.9690
longitude: -83.0114

----------

ip: 246.62.82.154
bogon: True

----------

ip: 180.120.160.216
city: Beijing
region: Beijing
country: CN
loc: 39.9075,116.3972
org: AS4134 CHINANET-BACKBONE
timezone: Asia/Shanghai
country_name: China
isEU: False
country_flag: {'emoji': '🇨🇳', 'unicode': 'U+1F1E8 U+1F1F3'}
country_currency: {'code': 'CNY', 'symbol': '¥'}
continent: {'code': 'AS', 'name': 'Asia'}
latitude: 39.9075
longitude: 116.3972

----------

ip: 21.248.172.218
city: Columbus
region: Ohio
country: US
loc: 39.9690,-83.0114
org: AS749 DoD Network Information Center
postal: 43218
timezone: America/New_York
country_name: United States
isEU: False
country_flag: {'emoji': '🇺🇸', 'unicode': 'U+1F1FA U+1F1F8'}
country_currency: {'code': 'USD', 'symbol': '$'}
continent: {'code': 'NA', 'name': 'North America'}
latitude: 39.9690
longitude: -83.0114

----------

ip: 174.29.179.137
hostname: 174-29-179-137.hlrn.qwest.net
city: Denver
region: Colorado
country: US
loc: 39.7590,-104.9661
org: AS209 CenturyLink Communications, LLC
postal: 80205
timezone: America/Denver
country_name: United States
isEU: False
country_flag: {'emoji': '🇺🇸', 'unicode': 'U+1F1FA U+1F1F8'}
country_currency: {'code': 'USD', 'symbol': '$'}
continent: {'code': 'NA', 'name': 'North America'}
latitude: 39.7590
longitude: -104.9661

----------

ip: 137.227.41.230
city: Herndon
region: Virginia
country: US
loc: 38.8318,-77.2888
postal: 20192
timezone: America/New_York
country_name: United States
isEU: False
country_flag: {'emoji': '🇺🇸', 'unicode': 'U+1F1FA U+1F1F8'}
country_currency: {'code': 'USD', 'symbol': '$'}
continent: {'code': 'NA', 'name': 'North America'}
latitude: 38.8318
longitude: -77.2888

----------

ip: 10.101.91.29
bogon: True

----------

ip: 84.29.166.140
hostname: 84-29-166-140.cable.dynamic.v4.ziggo.nl
city: Uden
region: North Brabant
country: NL
loc: 51.6657,5.6351
org: AS33915 Vodafone Libertel B.V.
postal: 5403
timezone: Europe/Amsterdam
country_name: Netherlands
isEU: True
country_flag: {'emoji': '🇳🇱', 'unicode': 'U+1F1F3 U+1F1F1'}
country_currency: {'code': 'EUR', 'symbol': '€'}
continent: {'code': 'EU', 'name': 'Europe'}
latitude: 51.6657
longitude: 5.6351

----------

ip: 62.129.225.142
hostname: cloudserver016652.home.pl
city: Warsaw
region: Mazovia
country: PL
loc: 52.2298,21.0118
org: AS12824 home.pl S.A.
postal: 00-002
timezone: Europe/Warsaw
country_name: Poland
isEU: True
country_flag: {'emoji': '🇵🇱', 'unicode': 'U+1F1F5 U+1F1F1'}
country_currency: {'code': 'PLN', 'symbol': 'zł'}
continent: {'code': 'EU', 'name': 'Europe'}
latitude: 52.2298
longitude: 21.0118

----------

ip: 36.116.178.217
city: Jiuxian
region: Zhejiang
country: CN
loc: 29.8022,119.6240
timezone: Asia/Shanghai
country_name: China
isEU: False
country_flag: {'emoji': '🇨🇳', 'unicode': 'U+1F1E8 U+1F1F3'}
country_currency: {'code': 'CNY', 'symbol': '¥'}
continent: {'code': 'AS', 'name': 'Asia'}
latitude: 29.8022
longitude: 119.6240

----------

ip: 201.223.18.65
hostname: 201-223-18-65.baf.movistar.cl
city: San Antonio
region: Valparaíso
country: CL
loc: -33.5947,-71.6075
org: AS7418 TELEFÓNICA CHILE S.A.
postal: 2660000
timezone: America/Santiago
country_name: Chile
isEU: False
country_flag: {'emoji': '🇨🇱', 'unicode': 'U+1F1E8 U+1F1F1'}
country_currency: {'code': 'CLP', 'symbol': '$'}
continent: {'code': 'SA', 'name': 'South America'}
latitude: -33.5947
longitude: -71.6075

----------

ip: 142.234.172.218
city: Seattle
region: Washington
country: US
loc: 47.6062,-122.3321
org: AS396190 Leaseweb USA, Inc.
postal: 98101
timezone: America/Los_Angeles
country_name: United States
isEU: False
country_flag: {'emoji': '🇺🇸', 'unicode': 'U+1F1FA U+1F1F8'}
country_currency: {'code': 'USD', 'symbol': '$'}
continent: {'code': 'NA', 'name': 'North America'}
latitude: 47.6062
longitude: -122.3321

----------

ip: 233.138.42.123
bogon: True

----------

ip: 146.162.172.0
city: Norwich
region: England
country: GB
loc: 52.6271,1.3072
postal: NR1
timezone: Europe/London
country_name: United Kingdom
isEU: False
country_flag: {'emoji': '🇬🇧', 'unicode': 'U+1F1EC U+1F1E7'}
country_currency: {'code': 'GBP', 'symbol': '£'}
continent: {'code': 'EU', 'name': 'Europe'}
latitude: 52.6271
longitude: 1.3072

----------

ip: 125.174.94.248
hostname: p350248-ipngn2002011tokusinwcc.tokushima.ocn.ne.jp
city: Tokushima
region: Tokushima
country: JP
loc: 34.0667,134.5667
org: AS4713 NTT Communications Corporation
postal: 770-0802
timezone: Asia/Tokyo
country_name: Japan
isEU: False
country_flag: {'emoji': '🇯🇵', 'unicode': 'U+1F1EF U+1F1F5'}
country_currency: {'code': 'JPY', 'symbol': '¥'}
continent: {'code': 'AS', 'name': 'Asia'}
latitude: 34.0667
longitude: 134.5667

----------

ip: 135.36.139.59
city: San Jose
region: California
country: US
loc: 37.3864,-121.8800
postal: 95131
timezone: America/Los_Angeles
country_name: United States
isEU: False
country_flag: {'emoji': '🇺🇸', 'unicode': 'U+1F1FA U+1F1F8'}
country_currency: {'code': 'USD', 'symbol': '$'}
continent: {'code': 'NA', 'name': 'North America'}
latitude: 37.3864
longitude: -121.8800

----------

ip: 136.31.249.11
hostname: 136-31-249-11.cab.webpass.net
city: Charlotte
region: North Carolina
country: US
loc: 35.3183,-80.7476
org: AS19165 Webpass Inc.
postal: 28262
timezone: America/New_York
country_name: United States
isEU: False
country_flag: {'emoji': '🇺🇸', 'unicode': 'U+1F1FA U+1F1F8'}
country_currency: {'code': 'USD', 'symbol': '$'}
continent: {'code': 'NA', 'name': 'North America'}
latitude: 35.3183
longitude: -80.7476

----------

ip: 181.59.66.116
hostname: dynamic-ip-1815966116.cable.net.co
city: Neiva
region: Huila
country: CO
loc: 2.9273,-75.2819
org: AS10620 Telmex Colombia S.A.
postal: 410010
timezone: America/Bogota
country_name: Colombia
isEU: False
country_flag: {'emoji': '🇨🇴', 'unicode': 'U+1F1E8 U+1F1F4'}
country_currency: {'code': 'COP', 'symbol': '$'}
continent: {'code': 'SA', 'name': 'South America'}
latitude: 2.9273
longitude: -75.2819

----------

ip: 250.185.188.76
bogon: True

----------

ip: 231.230.168.4
bogon: True

----------

ip: 225.80.207.214
bogon: True

----------

ip: 222.37.212.212
city: Beijing
region: Beijing
country: CN
loc: 39.9075,116.3972
org: AS9394 China TieTong Telecommunications Corporation
timezone: Asia/Shanghai
country_name: China
isEU: False
country_flag: {'emoji': '🇨🇳', 'unicode': 'U+1F1E8 U+1F1F3'}
country_currency: {'code': 'CNY', 'symbol': '¥'}
continent: {'code': 'AS', 'name': 'Asia'}
latitude: 39.9075
longitude: 116.3972

----------

ip: 166.236.140.39
hostname: 39-140-236-166.mobile.uscc.net
city: Doylestown
region: Pennsylvania
country: US
loc: 40.3101,-75.1299
org: AS18933 UNITED STATES CELLULAR TELEPHONE COMPANY (GREATER KNOXVILLE), L.P.
postal: 18901
timezone: America/New_York
country_name: United States
isEU: False
country_flag: {'emoji': '🇺🇸', 'unicode': 'U+1F1FA U+1F1F8'}
country_currency: {'code': 'USD', 'symbol': '$'}
continent: {'code': 'NA', 'name': 'North America'}
latitude: 40.3101
longitude: -75.1299

----------

ip: 176.202.63.114
city: Doha
region: Baladīyat ad Dawḩah
country: QA
loc: 25.2855,51.5310
org: AS42298 Ooredoo Q.S.C.
timezone: Asia/Qatar
country_name: Qatar
isEU: False
country_flag: {'emoji': '🇶🇦', 'unicode': 'U+1F1F6 U+1F1E6'}
country_currency: {'code': 'QAR', 'symbol': '﷼'}
continent: {'code': 'AS', 'name': 'Asia'}
latitude: 25.2855
longitude: 51.5310

----------

ip: 54.17.148.134
city: Ashburn
region: Virginia
country: US
loc: 39.0437,-77.4875
postal: 20147
timezone: America/New_York
country_name: United States
isEU: False
country_flag: {'emoji': '🇺🇸', 'unicode': 'U+1F1FA U+1F1F8'}
country_currency: {'code': 'USD', 'symbol': '$'}
continent: {'code': 'NA', 'name': 'North America'}
latitude: 39.0437
longitude: -77.4875

----------

ip: 132.156.235.58
city: Ramsayville
region: Ontario
country: CA
loc: 45.3747,-75.5647
org: AS2665 Shared Services Canada
postal: K1G
timezone: America/Toronto
country_name: Canada
isEU: False
country_flag: {'emoji': '🇨🇦', 'unicode': 'U+1F1E8 U+1F1E6'}
country_currency: {'code': 'CAD', 'symbol': '$'}
continent: {'code': 'NA', 'name': 'North America'}
latitude: 45.3747
longitude: -75.5647

----------

ip: 10.94.183.33
bogon: True

----------

ip: 183.93.125.5
city: Jinrongjie
region: Beijing
country: CN
loc: 39.9122,116.3561
org: AS4837 CHINA UNICOM China169 Backbone
timezone: Asia/Shanghai
country_name: China
isEU: False
country_flag: {'emoji': '🇨🇳', 'unicode': 'U+1F1E8 U+1F1F3'}
country_currency: {'code': 'CNY', 'symbol': '¥'}
continent: {'code': 'AS', 'name': 'Asia'}
latitude: 39.9122
longitude: 116.3561

----------

ip: 133.38.9.238
city: Saitama
region: Saitama
country: JP
loc: 35.9081,139.6566
org: AS2907 Research Organization of Information and Systems, National Institute of Informatics
postal: 330-0046
timezone: Asia/Tokyo
country_name: Japan
isEU: False
country_flag: {'emoji': '🇯🇵', 'unicode': 'U+1F1EF U+1F1F5'}
country_currency: {'code': 'JPY', 'symbol': '¥'}
continent: {'code': 'AS', 'name': 'Asia'}
latitude: 35.9081
longitude: 139.6566

----------

ip: 252.109.3.82
bogon: True

----------

ip: 191.139.45.125
city: Satuba
region: Alagoas
country: BR
loc: -9.5633,-35.8244
org: AS26615 TIM S/A
postal: 57120-000
timezone: America/Maceio
country_name: Brazil
isEU: False
country_flag: {'emoji': '🇧🇷', 'unicode': 'U+1F1E7 U+1F1F7'}
country_currency: {'code': 'BRL', 'symbol': 'R$'}
continent: {'code': 'SA', 'name': 'South America'}
latitude: -9.5633
longitude: -35.8244

----------

ip: 230.26.176.162
bogon: True

----------

ip: 183.151.186.0
city: Beijing
region: Beijing
country: CN
loc: 39.9075,116.3972
org: AS4134 CHINANET-BACKBONE
timezone: Asia/Shanghai
country_name: China
isEU: False
country_flag: {'emoji': '🇨🇳', 'unicode': 'U+1F1E8 U+1F1F3'}
country_currency: {'code': 'CNY', 'symbol': '¥'}
continent: {'code': 'AS', 'name': 'Asia'}
latitude: 39.9075
longitude: 116.3972

----------

ip: 158.62.88.157
city: Quezon City
region: Metro Manila
country: PH
loc: 14.8333,120.8833
org: AS132199 Globe Telecom Inc.
postal: 1637
timezone: Asia/Manila
country_name: Philippines
isEU: False
country_flag: {'emoji': '🇵🇭', 'unicode': 'U+1F1F5 U+1F1ED'}
country_currency: {'code': 'PHP', 'symbol': '₱'}
continent: {'code': 'AS', 'name': 'Asia'}
latitude: 14.8333
longitude: 120.8833

----------

ip: 156.255.206.20
city: Hong Kong
region: Central and Western
country: HK
loc: 22.2783,114.1747
org: AS136800 MOACK.Co.LTD
timezone: Asia/Hong_Kong
country_name: Hong Kong
isEU: False
country_flag: {'emoji': '🇭🇰', 'unicode': 'U+1F1ED U+1F1F0'}
country_currency: {'code': 'HKD', 'symbol': '$'}
continent: {'code': 'AS', 'name': 'Asia'}
latitude: 22.2783
longitude: 114.1747

----------

ip: 198.62.143.5
city: Sunnyvale
region: California
country: US
loc: 37.3983,-122.0006
postal: 94089
timezone: America/Los_Angeles
country_name: United States
isEU: False
country_flag: {'emoji': '🇺🇸', 'unicode': 'U+1F1FA U+1F1F8'}
country_currency: {'code': 'USD', 'symbol': '$'}
continent: {'code': 'NA', 'name': 'North America'}
latitude: 37.3983
longitude: -122.0006

----------

ip: 74.148.26.212
city: Mount Laurel
region: New Jersey
country: US
loc: 39.9340,-74.8910
org: AS7922 Comcast Cable Communications, LLC
postal: 08054
timezone: America/New_York
country_name: United States
isEU: False
country_flag: {'emoji': '🇺🇸', 'unicode': 'U+1F1FA U+1F1F8'}
country_currency: {'code': 'USD', 'symbol': '$'}
continent: {'code': 'NA', 'name': 'North America'}
latitude: 39.9340
longitude: -74.8910

----------

ip: 192.39.17.87
city: Seattle
region: Washington
country: US
loc: 47.6339,-122.3476
postal: 98109
timezone: America/Los_Angeles
country_name: United States
isEU: False
country_flag: {'emoji': '🇺🇸', 'unicode': 'U+1F1FA U+1F1F8'}
country_currency: {'code': 'USD', 'symbol': '$'}
continent: {'code': 'NA', 'name': 'North America'}
latitude: 47.6339
longitude: -122.3476

----------

ip: 8.99.196.243
city: Monroe
region: Louisiana
country: US
loc: 32.5530,-92.0422
org: AS3356 Level 3 Parent, LLC
postal: 71203
timezone: America/Chicago
country_name: United States
isEU: False
country_flag: {'emoji': '🇺🇸', 'unicode': 'U+1F1FA U+1F1F8'}
country_currency: {'code': 'USD', 'symbol': '$'}
continent: {'code': 'NA', 'name': 'North America'}
latitude: 32.5530
longitude: -92.0422

----------

ip: 156.246.19.120
city: Sydney
region: New South Wales
country: AU
loc: -33.8678,151.2073
org: AS139057 LEGEND DYNASTY PTE. LTD.
postal: 1001
timezone: Australia/Sydney
country_name: Australia
isEU: False
country_flag: {'emoji': '🇦🇺', 'unicode': 'U+1F1E6 U+1F1FA'}
country_currency: {'code': 'AUD', 'symbol': '$'}
continent: {'code': 'OC', 'name': 'Oceania'}
latitude: -33.8678
longitude: 151.2073

----------

ip: 199.191.95.103
city: Memphis
region: Tennessee
country: US
loc: 35.1440,-90.0480
postal: 38103
timezone: America/Chicago
country_name: United States
isEU: False
country_flag: {'emoji': '🇺🇸', 'unicode': 'U+1F1FA U+1F1F8'}
country_currency: {'code': 'USD', 'symbol': '$'}
continent: {'code': 'NA', 'name': 'North America'}
latitude: 35.1440
longitude: -90.0480

----------

ip: 239.254.134.71
bogon: True

----------

ip: 209.47.156.7
city: Ashburn
region: Virginia
country: US
loc: 39.0437,-77.4875
org: AS701 Verizon Business
postal: 20147
timezone: America/New_York
country_name: United States
isEU: False
country_flag: {'emoji': '🇺🇸', 'unicode': 'U+1F1FA U+1F1F8'}
country_currency: {'code': 'USD', 'symbol': '$'}
continent: {'code': 'NA', 'name': 'North America'}
latitude: 39.0437
longitude: -77.4875

----------

ip: 48.59.50.93
city: Newark
region: New Jersey
country: US
loc: 40.7357,-74.1724
postal: 07102
timezone: America/New_York
country_name: United States
isEU: False
country_flag: {'emoji': '🇺🇸', 'unicode': 'U+1F1FA U+1F1F8'}
country_currency: {'code': 'USD', 'symbol': '$'}
continent: {'code': 'NA', 'name': 'North America'}
latitude: 40.7357
longitude: -74.1724

----------

ip: 235.46.173.184
bogon: True

----------

ip: 135.111.248.43
city: New Providence
region: New Jersey
country: US
loc: 40.6984,-74.4015
org: AS10455 Nokia of America Corporation
postal: 07974
timezone: America/New_York
country_name: United States
isEU: False
country_flag: {'emoji': '🇺🇸', 'unicode': 'U+1F1FA U+1F1F8'}
country_currency: {'code': 'USD', 'symbol': '$'}
continent: {'code': 'NA', 'name': 'North America'}
latitude: 40.6984
longitude: -74.4015

----------

ip: 94.121.3.228
city: Balıkesir
region: Balıkesir
country: TR
loc: 39.6492,27.8861
org: AS12978 ANDROMEDA TV DIGITAL PLATFORM ISLETMECILIGI A.S.
postal: 10100
timezone: Europe/Istanbul
country_name: Turkey
isEU: False
country_flag: {'emoji': '🇹🇷', 'unicode': 'U+1F1F9 U+1F1F7'}
country_currency: {'code': 'TRY', 'symbol': '₺'}
continent: {'code': 'AS', 'name': 'Asia'}
latitude: 39.6492
longitude: 27.8861

----------

ip: 22.145.150.8
city: Columbus
region: Ohio
country: US
loc: 39.9690,-83.0114
org: AS749 DoD Network Information Center
postal: 43218
timezone: America/New_York
country_name: United States
isEU: False
country_flag: {'emoji': '🇺🇸', 'unicode': 'U+1F1FA U+1F1F8'}
country_currency: {'code': 'USD', 'symbol': '$'}
continent: {'code': 'NA', 'name': 'North America'}
latitude: 39.9690
longitude: -83.0114

----------

ip: 92.242.124.73
city: Malyye Derbety
region: Kalmykiya Republic
country: RU
loc: 47.9547,44.6808
org: AS41039 Timer, LLC
postal: 359420
timezone: Europe/Moscow
country_name: Russia
isEU: False
country_flag: {'emoji': '🇷🇺', 'unicode': 'U+1F1F7 U+1F1FA'}
country_currency: {'code': 'RUB', 'symbol': '₽'}
continent: {'code': 'EU', 'name': 'Europe'}
latitude: 47.9547
longitude: 44.6808

----------

ip: 192.243.142.1
city: Washington
region: Washington, D.C.
country: US
loc: 38.8971,-77.0409
org: AS22284 Bureau of Land Management Joint Pipeline Office
postal: 20240
timezone: America/New_York
country_name: United States
isEU: False
country_flag: {'emoji': '🇺🇸', 'unicode': 'U+1F1FA U+1F1F8'}
country_currency: {'code': 'USD', 'symbol': '$'}
continent: {'code': 'NA', 'name': 'North America'}
latitude: 38.8971
longitude: -77.0409

----------

ip: 53.162.61.99
city: Stuttgart
region: Baden-Wurttemberg
country: DE
loc: 48.7464,9.1255
org: AS31399 Mercedes-Benz Group AG
postal: 70569
timezone: Europe/Berlin
country_name: Germany
isEU: True
country_flag: {'emoji': '🇩🇪', 'unicode': 'U+1F1E9 U+1F1EA'}
country_currency: {'code': 'EUR', 'symbol': '€'}
continent: {'code': 'EU', 'name': 'Europe'}
latitude: 48.7464
longitude: 9.1255

----------

ip: 90.131.103.125
city: Malmö
region: Skåne
country: SE
loc: 55.6059,13.0007
org: AS1257 Tele2 Sverige AB
postal: 200 01
timezone: Europe/Stockholm
country_name: Sweden
isEU: True
country_flag: {'emoji': '🇸🇪', 'unicode': 'U+1F1F8 U+1F1EA'}
country_currency: {'code': 'SEK', 'symbol': 'kr'}
continent: {'code': 'EU', 'name': 'Europe'}
latitude: 55.6059
longitude: 13.0007

----------

ip: 196.187.3.44
city: Tunis
region: Tunis Governorate
country: TN
loc: 36.8190,10.1658
org: AS327934 SOCIETE NATIONALE DES TELECOMMUNICATIONS (Tunisie Telecom)
timezone: Africa/Tunis
country_name: Tunisia
isEU: False
country_flag: {'emoji': '🇹🇳', 'unicode': 'U+1F1F9 U+1F1F3'}
country_currency: {'code': 'TND', 'symbol': 'د.ت'}
continent: {'code': 'AF', 'name': 'Africa'}
latitude: 36.8190
longitude: 10.1658

----------

ip: 183.213.13.212
city: Jinrongjie
region: Beijing
country: CN
loc: 39.9122,116.3561
org: AS56046 China Mobile communications corporation
timezone: Asia/Shanghai
country_name: China
isEU: False
country_flag: {'emoji': '🇨🇳', 'unicode': 'U+1F1E8 U+1F1F3'}
country_currency: {'code': 'CNY', 'symbol': '¥'}
continent: {'code': 'AS', 'name': 'Asia'}
latitude: 39.9122
longitude: 116.3561

----------

ip: 197.193.56.13
hostname: host-197.193.56.13.etisalat.com.eg
city: Al Khuşūş
region: Qalyubia
country: EG
loc: 30.1529,31.3150
org: AS36992 ETISALAT MISR
timezone: Africa/Cairo
country_name: Egypt
isEU: False
country_flag: {'emoji': '🇪🇬', 'unicode': 'U+1F1EA U+1F1EC'}
country_currency: {'code': 'EGP', 'symbol': '£'}
continent: {'code': 'AF', 'name': 'Africa'}
latitude: 30.1529
longitude: 31.3150

----------

ip: 66.61.199.119
hostname: 66-61-199-119.biz.spectrum.com
city: Greensboro
region: North Carolina
country: US
loc: 36.0220,-79.7821
org: AS11426 Charter Communications Inc
postal: 27406
timezone: America/New_York
country_name: United States
isEU: False
country_flag: {'emoji': '🇺🇸', 'unicode': 'U+1F1FA U+1F1F8'}
country_currency: {'code': 'USD', 'symbol': '$'}
continent: {'code': 'NA', 'name': 'North America'}
latitude: 36.0220
longitude: -79.7821

----------

ip: 62.231.247.17
hostname: i17.ip-62.231.247.omantel.net.om
city: Muscat
region: Muscat
country: OM
loc: 23.5841,58.4078
org: AS28885 Oman Telecommunications Company (S.A.O.G)
timezone: Asia/Muscat
country_name: Oman
isEU: False
country_flag: {'emoji': '🇴🇲', 'unicode': 'U+1F1F4 U+1F1F2'}
country_currency: {'code': 'OMR', 'symbol': '﷼'}
continent: {'code': 'AS', 'name': 'Asia'}
latitude: 23.5841
longitude: 58.4078

----------

ip: 159.189.249.112
city: Herndon
region: Virginia
country: US
loc: 38.8318,-77.2888
org: AS22284 Bureau of Land Management Joint Pipeline Office
postal: 20192
timezone: America/New_York
country_name: United States
isEU: False
country_flag: {'emoji': '🇺🇸', 'unicode': 'U+1F1FA U+1F1F8'}
country_currency: {'code': 'USD', 'symbol': '$'}
continent: {'code': 'NA', 'name': 'North America'}
latitude: 38.8318
longitude: -77.2888

----------

ip: 189.27.181.172
hostname: 189.27.181.172.dynamic.adsl.gvt.net.br
city: Joinville
region: Santa Catarina
country: BR
loc: -26.3044,-48.8456
org: AS18881 TELEFÔNICA BRASIL S.A
postal: 89200-000
timezone: America/Sao_Paulo
country_name: Brazil
isEU: False
country_flag: {'emoji': '🇧🇷', 'unicode': 'U+1F1E7 U+1F1F7'}
country_currency: {'code': 'BRL', 'symbol': 'R$'}
continent: {'code': 'SA', 'name': 'South America'}
latitude: -26.3044
longitude: -48.8456

----------

ip: 176.169.88.76
city: Chatou
region: Ãle-de-France
country: FR
loc: 48.8898,2.1586
org: AS5410 Bouygues Telecom SA
postal: 78400
timezone: Europe/Paris
country_name: France
isEU: True
country_flag: {'emoji': '🇫🇷', 'unicode': 'U+1F1EB U+1F1F7'}
country_currency: {'code': 'EUR', 'symbol': '€'}
continent: {'code': 'EU', 'name': 'Europe'}
latitude: 48.8898
longitude: 2.1586

----------

ip: 21.230.21.76
city: Columbus
region: Ohio
country: US
loc: 39.9690,-83.0114
org: AS749 DoD Network Information Center
postal: 43218
timezone: America/New_York
country_name: United States
isEU: False
country_flag: {'emoji': '🇺🇸', 'unicode': 'U+1F1FA U+1F1F8'}
country_currency: {'code': 'USD', 'symbol': '$'}
continent: {'code': 'NA', 'name': 'North America'}
latitude: 39.9690
longitude: -83.0114

----------

ip: 168.52.204.192
city: Austin
region: Texas
country: US
loc: 30.3264,-97.7713
org: AS1761 General Services Commission
postal: 78711
timezone: America/Chicago
country_name: United States
isEU: False
country_flag: {'emoji': '🇺🇸', 'unicode': 'U+1F1FA U+1F1F8'}
country_currency: {'code': 'USD', 'symbol': '$'}
continent: {'code': 'NA', 'name': 'North America'}
latitude: 30.3264
longitude: -97.7713

----------

ip: 153.239.18.244
hostname: p3861245-ipoe.ipoe.ocn.ne.jp
city: Osaka
region: Ōsaka
country: JP
loc: 34.7092,135.5142
org: AS4713 NTT Communications Corporation
postal: 530-0031
timezone: Asia/Tokyo
country_name: Japan
isEU: False
country_flag: {'emoji': '🇯🇵', 'unicode': 'U+1F1EF U+1F1F5'}
country_currency: {'code': 'JPY', 'symbol': '¥'}
continent: {'code': 'AS', 'name': 'Asia'}
latitude: 34.7092
longitude: 135.5142

----------

ip: 232.173.55.21
bogon: True

----------

ip: 90.152.187.130
hostname: 90-152-187-130.static.highway.a1.net
city: Mödling
region: Lower Austria
country: AT
loc: 48.0861,16.2892
org: AS8562 A1 Telekom Austria AG
postal: 2340
timezone: Europe/Vienna
country_name: Austria
isEU: True
country_flag: {'emoji': '🇦🇹', 'unicode': 'U+1F1E6 U+1F1F9'}
country_currency: {'code': 'EUR', 'symbol': '€'}
continent: {'code': 'EU', 'name': 'Europe'}
latitude: 48.0861
longitude: 16.2892

----------

ip: 35.112.66.137
city: Seattle
region: Washington
country: US
loc: 47.6339,-122.3476
postal: 98109
timezone: America/Los_Angeles
country_name: United States
isEU: False
country_flag: {'emoji': '🇺🇸', 'unicode': 'U+1F1FA U+1F1F8'}
country_currency: {'code': 'USD', 'symbol': '$'}
continent: {'code': 'NA', 'name': 'North America'}
latitude: 47.6339
longitude: -122.3476

----------

ip: 153.60.189.178
city: Atlanta
region: Georgia
country: US
loc: 33.7718,-84.3757
org: AS14962 NCR Corporation
postal: 30308
timezone: America/New_York
country_name: United States
isEU: False
country_flag: {'emoji': '🇺🇸', 'unicode': 'U+1F1FA U+1F1F8'}
country_currency: {'code': 'USD', 'symbol': '$'}
continent: {'code': 'NA', 'name': 'North America'}
latitude: 33.7718
longitude: -84.3757

----------

ip: 177.132.86.24
hostname: 177.132.86.24.dynamic.adsl.gvt.net.br
city: Rio de Janeiro
region: Rio de Janeiro
country: BR
loc: -22.9064,-43.1822
org: AS18881 TELEFÔNICA BRASIL S.A
postal: 20000-000
timezone: America/Sao_Paulo
country_name: Brazil
isEU: False
country_flag: {'emoji': '🇧🇷', 'unicode': 'U+1F1E7 U+1F1F7'}
country_currency: {'code': 'BRL', 'symbol': 'R$'}
continent: {'code': 'SA', 'name': 'South America'}
latitude: -22.9064
longitude: -43.1822

----------

ip: 171.92.244.213
city: Guangzhou
region: Guangdong
country: CN
loc: 23.1167,113.2500
org: AS4134 CHINANET-BACKBONE
timezone: Asia/Shanghai
country_name: China
isEU: False
country_flag: {'emoji': '🇨🇳', 'unicode': 'U+1F1E8 U+1F1F3'}
country_currency: {'code': 'CNY', 'symbol': '¥'}
continent: {'code': 'AS', 'name': 'Asia'}
latitude: 23.1167
longitude: 113.2500

----------

ip: 18.126.78.114
city: Seattle
region: Washington
country: US
loc: 47.6339,-122.3476
postal: 98109
timezone: America/Los_Angeles
country_name: United States
isEU: False
country_flag: {'emoji': '🇺🇸', 'unicode': 'U+1F1FA U+1F1F8'}
country_currency: {'code': 'USD', 'symbol': '$'}
continent: {'code': 'NA', 'name': 'North America'}
latitude: 47.6339
longitude: -122.3476

----------

ip: 40.79.118.213
city: Boydton
region: Virginia
country: US
loc: 36.6676,-78.3875
org: AS8075 Microsoft Corporation
postal: 23917
timezone: America/New_York
country_name: United States
isEU: False
country_flag: {'emoji': '🇺🇸', 'unicode': 'U+1F1FA U+1F1F8'}
country_currency: {'code': 'USD', 'symbol': '$'}
continent: {'code': 'NA', 'name': 'North America'}
latitude: 36.6676
longitude: -78.3875

----------

ip: 227.246.47.7
bogon: True

----------

ip: 255.5.245.51
bogon: True

----------

ip: 74.107.80.224
hostname: pool-74-107-80-224.bltmmd.fios.verizon.net
city: Baltimore
region: Maryland
country: US
loc: 39.2904,-76.6122
org: AS701 Verizon Business
postal: 21203
timezone: America/New_York
country_name: United States
isEU: False
country_flag: {'emoji': '🇺🇸', 'unicode': 'U+1F1FA U+1F1F8'}
country_currency: {'code': 'USD', 'symbol': '$'}
continent: {'code': 'NA', 'name': 'North America'}
latitude: 39.2904
longitude: -76.6122

----------

ip: 246.46.109.209
bogon: True

----------

ip: 4.217.48.240
city: Seoul
region: Seoul
country: KR
loc: 37.6414,127.0005
org: AS8075 Microsoft Corporation
postal: 01018
timezone: Asia/Seoul
country_name: South Korea
isEU: False
country_flag: {'emoji': '🇰🇷', 'unicode': 'U+1F1F0 U+1F1F7'}
country_currency: {'code': 'KRW', 'symbol': '₩'}
continent: {'code': 'AS', 'name': 'Asia'}
latitude: 37.6414
longitude: 127.0005

----------

ip: 251.236.210.120
bogon: True

----------

ip: 164.112.116.49
city: Brisbane
region: Queensland
country: AU
loc: -27.4679,153.0281
org: AS9650 QLD Government Business (IT)
postal: 4000
timezone: Australia/Brisbane
country_name: Australia
isEU: False
country_flag: {'emoji': '🇦🇺', 'unicode': 'U+1F1E6 U+1F1FA'}
country_currency: {'code': 'AUD', 'symbol': '$'}
continent: {'code': 'OC', 'name': 'Oceania'}
latitude: -27.4679
longitude: 153.0281

----------

ip: 22.201.6.48
city: Columbus
region: Ohio
country: US
loc: 39.9690,-83.0114
org: AS749 DoD Network Information Center
postal: 43218
timezone: America/New_York
country_name: United States
isEU: False
country_flag: {'emoji': '🇺🇸', 'unicode': 'U+1F1FA U+1F1F8'}
country_currency: {'code': 'USD', 'symbol': '$'}
continent: {'code': 'NA', 'name': 'North America'}
latitude: 39.9690
longitude: -83.0114

----------

ip: 47.90.0.32
city: Hong Kong
region: Central and Western
country: HK
loc: 22.2783,114.1747
org: AS45102 Alibaba (US) Technology Co., Ltd.
timezone: Asia/Hong_Kong
country_name: Hong Kong
isEU: False
country_flag: {'emoji': '🇭🇰', 'unicode': 'U+1F1ED U+1F1F0'}
country_currency: {'code': 'HKD', 'symbol': '$'}
continent: {'code': 'AS', 'name': 'Asia'}
latitude: 22.2783
longitude: 114.1747

----------

ip: 22.126.138.35
city: Columbus
region: Ohio
country: US
loc: 39.9690,-83.0114
org: AS749 DoD Network Information Center
postal: 43218
timezone: America/New_York
country_name: United States
isEU: False
country_flag: {'emoji': '🇺🇸', 'unicode': 'U+1F1FA U+1F1F8'}
country_currency: {'code': 'USD', 'symbol': '$'}
continent: {'code': 'NA', 'name': 'North America'}
latitude: 39.9690
longitude: -83.0114

----------

ip: 52.91.116.207
hostname: ec2-52-91-116-207.compute-1.amazonaws.com
city: Ashburn
region: Virginia
country: US
loc: 39.0437,-77.4875
org: AS14618 Amazon.com, Inc.
postal: 20147
timezone: America/New_York
country_name: United States
isEU: False
country_flag: {'emoji': '🇺🇸', 'unicode': 'U+1F1FA U+1F1F8'}
country_currency: {'code': 'USD', 'symbol': '$'}
continent: {'code': 'NA', 'name': 'North America'}
latitude: 39.0437
longitude: -77.4875

----------

ip: 116.9.179.229
city: Beijing
region: Beijing
country: CN
loc: 39.9075,116.3972
org: AS4134 CHINANET-BACKBONE
timezone: Asia/Shanghai
country_name: China
isEU: False
country_flag: {'emoji': '🇨🇳', 'unicode': 'U+1F1E8 U+1F1F3'}
country_currency: {'code': 'CNY', 'symbol': '¥'}
continent: {'code': 'AS', 'name': 'Asia'}
latitude: 39.9075
longitude: 116.3972

----------

ip: 182.72.158.129
hostname: nsg-static-129.158.72.182.airtel.in
city: Mumbai
region: Maharashtra
country: IN
loc: 19.0728,72.8826
org: AS9498 BHARTI Airtel Ltd.
postal: 400070
timezone: Asia/Kolkata
country_name: India
isEU: False
country_flag: {'emoji': '🇮🇳', 'unicode': 'U+1F1EE U+1F1F3'}
country_currency: {'code': 'INR', 'symbol': '₹'}
continent: {'code': 'AS', 'name': 'Asia'}
latitude: 19.0728
longitude: 72.8826

----------

ip: 44.176.19.191
city: San Diego
region: California
country: US
loc: 32.7157,-117.1647
org: AS7377 University of California, San Diego
postal: 92101
timezone: America/Los_Angeles
country_name: United States
isEU: False
country_flag: {'emoji': '🇺🇸', 'unicode': 'U+1F1FA U+1F1F8'}
country_currency: {'code': 'USD', 'symbol': '$'}
continent: {'code': 'NA', 'name': 'North America'}
latitude: 32.7157
longitude: -117.1647

----------

ip: 12.11.65.9
city: Dallas
region: Texas
country: US
loc: 32.7831,-96.8067
org: AS7018 AT&T Services, Inc.
postal: 75201
timezone: America/Chicago
country_name: United States
isEU: False
country_flag: {'emoji': '🇺🇸', 'unicode': 'U+1F1FA U+1F1F8'}
country_currency: {'code': 'USD', 'symbol': '$'}
continent: {'code': 'NA', 'name': 'North America'}
latitude: 32.7831
longitude: -96.8067

----------

ip: 100.63.123.0
city: Bellevue
region: Washington
country: US
loc: 47.5614,-122.1552
postal: 98006
timezone: America/Los_Angeles
country_name: United States
isEU: False
country_flag: {'emoji': '🇺🇸', 'unicode': 'U+1F1FA U+1F1F8'}
country_currency: {'code': 'USD', 'symbol': '$'}
continent: {'code': 'NA', 'name': 'North America'}
latitude: 47.5614
longitude: -122.1552

----------

ip: 10.182.196.214
bogon: True

----------

ip: 185.228.69.152
city: Copenhagen
region: Capital Region
country: DK
loc: 55.7086,12.5263
org: AS36351 SoftLayer Technologies Inc.
postal: 2400
timezone: Europe/Copenhagen
country_name: Denmark
isEU: True
country_flag: {'emoji': '🇩🇰', 'unicode': 'U+1F1E9 U+1F1F0'}
country_currency: {'code': 'DKK', 'symbol': 'kr'}
continent: {'code': 'EU', 'name': 'Europe'}
latitude: 55.7086
longitude: 12.5263

----------

ip: 108.69.91.245
hostname: 108-69-91-245.lightspeed.tukrga.sbcglobal.net
city: Duluth
region: Georgia
country: US
loc: 34.0260,-84.1470
org: AS7018 AT&T Services, Inc.
postal: 30097
timezone: America/New_York
country_name: United States
isEU: False
country_flag: {'emoji': '🇺🇸', 'unicode': 'U+1F1FA U+1F1F8'}
country_currency: {'code': 'USD', 'symbol': '$'}
continent: {'code': 'NA', 'name': 'North America'}
latitude: 34.0260
longitude: -84.1470

----------

ip: 176.59.182.230
city: Moscow
region: Moscow
country: RU
loc: 55.7522,37.6156
org: AS12958 T2 Mobile LLC
postal: 101000
timezone: Europe/Moscow
country_name: Russia
isEU: False
country_flag: {'emoji': '🇷🇺', 'unicode': 'U+1F1F7 U+1F1FA'}
country_currency: {'code': 'RUB', 'symbol': '₽'}
continent: {'code': 'EU', 'name': 'Europe'}
latitude: 55.7522
longitude: 37.6156

----------

ip: 169.152.2.192
city: Mount Laurel
region: New Jersey
country: US
loc: 39.9340,-74.8910
org: AS7922 Comcast Cable Communications, LLC
postal: 08054
timezone: America/New_York
country_name: United States
isEU: False
country_flag: {'emoji': '🇺🇸', 'unicode': 'U+1F1FA U+1F1F8'}
country_currency: {'code': 'USD', 'symbol': '$'}
continent: {'code': 'NA', 'name': 'North America'}
latitude: 39.9340
longitude: -74.8910

----------

ip: 183.66.69.218
city: Beijing
region: Beijing
country: CN
loc: 39.9075,116.3972
org: AS4134 CHINANET-BACKBONE
timezone: Asia/Shanghai
country_name: China
isEU: False
country_flag: {'emoji': '🇨🇳', 'unicode': 'U+1F1E8 U+1F1F3'}
country_currency: {'code': 'CNY', 'symbol': '¥'}
continent: {'code': 'AS', 'name': 'Asia'}
latitude: 39.9075
longitude: 116.3972

----------

ip: 101.110.230.176
city: Tokyo
region: Tokyo
country: JP
loc: 35.6910,139.7679
postal: 101-0047
timezone: Asia/Tokyo
country_name: Japan
isEU: False
country_flag: {'emoji': '🇯🇵', 'unicode': 'U+1F1EF U+1F1F5'}
country_currency: {'code': 'JPY', 'symbol': '¥'}
continent: {'code': 'AS', 'name': 'Asia'}
latitude: 35.6910
longitude: 139.7679

----------

ip: 149.96.99.253
hostname: vip-149-96-99-253.cust.service-now.com
city: Santa Clara
region: California
country: US
loc: 37.3924,-121.9623
postal: 95054
timezone: America/Los_Angeles
country_name: United States
isEU: False
country_flag: {'emoji': '🇺🇸', 'unicode': 'U+1F1FA U+1F1F8'}
country_currency: {'code': 'USD', 'symbol': '$'}
continent: {'code': 'NA', 'name': 'North America'}
latitude: 37.3924
longitude: -121.9623

----------

ip: 90.183.8.82
hostname: 90-183-8-82.rcq.o2.cz
city: Prague
region: Hlavní město Praha
country: CZ
loc: 50.0880,14.4208
org: AS5610 O2 Czech Republic, a.s.
postal: 110 00
timezone: Europe/Prague
country_name: Czech Republic
isEU: True
country_flag: {'emoji': '🇨🇿', 'unicode': 'U+1F1E8 U+1F1FF'}
country_currency: {'code': 'CZK', 'symbol': 'KÄ'}
continent: {'code': 'EU', 'name': 'Europe'}
latitude: 50.0880
longitude: 14.4208

----------

ip: 218.94.0.255
city: Qingdao
region: Shandong
country: CN
loc: 36.0649,120.3804
org: AS4134 CHINANET-BACKBONE
timezone: Asia/Shanghai
country_name: China
isEU: False
country_flag: {'emoji': '🇨🇳', 'unicode': 'U+1F1E8 U+1F1F3'}
country_currency: {'code': 'CNY', 'symbol': '¥'}
continent: {'code': 'AS', 'name': 'Asia'}
latitude: 36.0649
longitude: 120.3804

----------

ip: 95.195.23.18
hostname: host-95-195-23-18.mobileonline.telia.com
city: Stockholm
region: Stockholm
country: SE
loc: 59.3173,18.2550
org: AS3301 Telia Company AB
postal: 132 02
timezone: Europe/Stockholm
country_name: Sweden
isEU: True
country_flag: {'emoji': '🇸🇪', 'unicode': 'U+1F1F8 U+1F1EA'}
country_currency: {'code': 'SEK', 'symbol': 'kr'}
continent: {'code': 'EU', 'name': 'Europe'}
latitude: 59.3173
longitude: 18.2550

----------

ip: 73.130.6.47
hostname: c-73-130-6-47.hsd1.pa.comcast.net
city: Tyrone
region: Pennsylvania
country: US
loc: 40.6706,-78.2386
org: AS7016 Comcast Cable Communications, LLC
postal: 16686
timezone: America/New_York
country_name: United States
isEU: False
country_flag: {'emoji': '🇺🇸', 'unicode': 'U+1F1FA U+1F1F8'}
country_currency: {'code': 'USD', 'symbol': '$'}
continent: {'code': 'NA', 'name': 'North America'}
latitude: 40.6706
longitude: -78.2386

----------

ip: 253.80.204.182
bogon: True

----------

ip: 241.3.143.63
bogon: True

----------

ip: 217.14.85.174
city: Lagos
region: Lagos
country: NG
loc: 6.4541,3.3947
org: AS16284 Inq. Digital Nigeria
timezone: Africa/Lagos
country_name: Nigeria
isEU: False
country_flag: {'emoji': '🇳🇬', 'unicode': 'U+1F1F3 U+1F1EC'}
country_currency: {'code': 'NGN', 'symbol': '₦'}
continent: {'code': 'AF', 'name': 'Africa'}
latitude: 6.4541
longitude: 3.3947

----------

ip: 138.65.86.236
city: Columbus
region: Ohio
country: US
loc: 39.9690,-83.0114
org: AS749 DoD Network Information Center
postal: 43218
timezone: America/New_York
country_name: United States
isEU: False
country_flag: {'emoji': '🇺🇸', 'unicode': 'U+1F1FA U+1F1F8'}
country_currency: {'code': 'USD', 'symbol': '$'}
continent: {'code': 'NA', 'name': 'North America'}
latitude: 39.9690
longitude: -83.0114

----------

ip: 94.60.90.237
hostname: 237.90.60.94.rev.vodafone.pt
city: Marinha Grande
region: Leiria
country: PT
loc: 39.7477,-8.9323
org: AS12353 Vodafone Portugal - Communicacoes Pessoais S.A.
postal: 2430-000
timezone: Europe/Lisbon
country_name: Portugal
isEU: True
country_flag: {'emoji': '🇵🇹', 'unicode': 'U+1F1F5 U+1F1F9'}
country_currency: {'code': 'EUR', 'symbol': '€'}
continent: {'code': 'EU', 'name': 'Europe'}
latitude: 39.7477
longitude: -8.9323

----------

ip: 59.181.245.47
hostname: static-mum-59.181.245.47.mtnl.net.in
city: New Delhi
region: Delhi
country: IN
loc: 28.6358,77.2245
org: AS17813 Mahanagar Telephone Nigam Limited
postal: 110001
timezone: Asia/Kolkata
country_name: India
isEU: False
country_flag: {'emoji': '🇮🇳', 'unicode': 'U+1F1EE U+1F1F3'}
country_currency: {'code': 'INR', 'symbol': '₹'}
continent: {'code': 'AS', 'name': 'Asia'}
latitude: 28.6358
longitude: 77.2245

----------

ip: 43.36.71.194
city: Singapore
region: Singapore
country: SG
loc: 1.2843,103.8511
postal: 048616
timezone: Asia/Singapore
country_name: Singapore
isEU: False
country_flag: {'emoji': '🇸🇬', 'unicode': 'U+1F1F8 U+1F1EC'}
country_currency: {'code': 'SGD', 'symbol': 'S$'}
continent: {'code': 'AS', 'name': 'Asia'}
latitude: 1.2843
longitude: 103.8511

----------

ip: 100.87.13.255
bogon: True

----------

ip: 213.223.229.73
hostname: 73.229.223.213.rev.sfr.net
city: Paris
region: Ãle-de-France
country: FR
loc: 48.8534,2.3488
org: AS15557 Societe Francaise Du Radiotelephone - SFR SA
postal: 75000
timezone: Europe/Paris
country_name: France
isEU: True
country_flag: {'emoji': '🇫🇷', 'unicode': 'U+1F1EB U+1F1F7'}
country_currency: {'code': 'EUR', 'symbol': '€'}
continent: {'code': 'EU', 'name': 'Europe'}
latitude: 48.8534
longitude: 2.3488

----------

ip: 2.223.200.110
hostname: 02dfc86e.bb.sky.com
city: Glasgow
region: Scotland
country: GB
loc: 55.8376,-4.2843
org: AS5607 Sky UK Limited
postal: G41
timezone: Europe/London
country_name: United Kingdom
isEU: False
country_flag: {'emoji': '🇬🇧', 'unicode': 'U+1F1EC U+1F1E7'}
country_currency: {'code': 'GBP', 'symbol': '£'}
continent: {'code': 'EU', 'name': 'Europe'}
latitude: 55.8376
longitude: -4.2843

----------

ip: 174.166.63.117
city: East Orange
region: New Jersey
country: US
loc: 40.7558,-74.2198
org: AS33659 Comcast Cable Communications, LLC
postal: 07018
timezone: America/New_York
country_name: United States
isEU: False
country_flag: {'emoji': '🇺🇸', 'unicode': 'U+1F1FA U+1F1F8'}
country_currency: {'code': 'USD', 'symbol': '$'}
continent: {'code': 'NA', 'name': 'North America'}
latitude: 40.7558
longitude: -74.2198

----------

ip: 165.106.56.135
city: Bryn Mawr
region: Pennsylvania
country: US
loc: 40.0198,-75.3046
org: AS3795 Bryn Mawr College
postal: 19010
timezone: America/New_York
country_name: United States
isEU: False
country_flag: {'emoji': '🇺🇸', 'unicode': 'U+1F1FA U+1F1F8'}
country_currency: {'code': 'USD', 'symbol': '$'}
continent: {'code': 'NA', 'name': 'North America'}
latitude: 40.0198
longitude: -75.3046

----------

ip: 94.170.229.142
hostname: 94-170-229-142.cable.dynamic.v4.ziggo.nl
city: Aalsmeerderbrug
region: North Holland
country: NL
loc: 52.2742,4.7500
org: AS6830 Liberty Global B.V.
postal: 1436
timezone: Europe/Amsterdam
country_name: Netherlands
isEU: True
country_flag: {'emoji': '🇳🇱', 'unicode': 'U+1F1F3 U+1F1F1'}
country_currency: {'code': 'EUR', 'symbol': '€'}
continent: {'code': 'EU', 'name': 'Europe'}
latitude: 52.2742
longitude: 4.7500

----------

ip: 117.169.148.163
hostname: localhost
city: Zhanjiang
region: Guangdong
country: CN
loc: 21.2339,110.3875
org: AS9808 China Mobile Communications Group Co., Ltd.
timezone: Asia/Shanghai
country_name: China
isEU: False
country_flag: {'emoji': '🇨🇳', 'unicode': 'U+1F1E8 U+1F1F3'}
country_currency: {'code': 'CNY', 'symbol': '¥'}
continent: {'code': 'AS', 'name': 'Asia'}
latitude: 21.2339
longitude: 110.3875

----------

ip: 138.69.130.25
city: Florham Park
region: New Jersey
country: US
loc: 40.7879,-74.3882
postal: 07932
timezone: America/New_York
country_name: United States
isEU: False
country_flag: {'emoji': '🇺🇸', 'unicode': 'U+1F1FA U+1F1F8'}
country_currency: {'code': 'USD', 'symbol': '$'}
continent: {'code': 'NA', 'name': 'North America'}
latitude: 40.7879
longitude: -74.3882

----------

ip: 6.215.35.61
city: Yuma
region: Arizona
country: US
loc: 32.7253,-114.6244
org: AS749 DoD Network Information Center
postal: 85369
timezone: America/Phoenix
country_name: United States
isEU: False
country_flag: {'emoji': '🇺🇸', 'unicode': 'U+1F1FA U+1F1F8'}
country_currency: {'code': 'USD', 'symbol': '$'}
continent: {'code': 'NA', 'name': 'North America'}
latitude: 32.7253
longitude: -114.6244

----------

ip: 240.255.157.82
bogon: True

----------

ip: 153.7.241.149
city: Burbank
region: California
country: US
loc: 34.1808,-118.3090
postal: 91521
timezone: America/Los_Angeles
country_name: United States
isEU: False
country_flag: {'emoji': '🇺🇸', 'unicode': 'U+1F1FA U+1F1F8'}
country_currency: {'code': 'USD', 'symbol': '$'}
continent: {'code': 'NA', 'name': 'North America'}
latitude: 34.1808
longitude: -118.3090

----------

ip: 31.93.117.236
city: Ipswich
region: England
country: GB
loc: 52.0592,1.1555
org: AS12576 EE Limited
postal: IP1
timezone: Europe/London
country_name: United Kingdom
isEU: False
country_flag: {'emoji': '🇬🇧', 'unicode': 'U+1F1EC U+1F1E7'}
country_currency: {'code': 'GBP', 'symbol': '£'}
continent: {'code': 'EU', 'name': 'Europe'}
latitude: 52.0592
longitude: 1.1555

----------

ip: 247.101.37.121
bogon: True

----------

ip: 239.169.185.234
bogon: True

----------

ip: 93.233.141.181
hostname: p5de98db5.dip0.t-ipconnect.de
city: Gütersloh
region: North Rhine-Westphalia
country: DE
loc: 51.9074,8.3767
org: AS3320 Deutsche Telekom AG
postal: 33330
timezone: Europe/Berlin
country_name: Germany
isEU: True
country_flag: {'emoji': '🇩🇪', 'unicode': 'U+1F1E9 U+1F1EA'}
country_currency: {'code': 'EUR', 'symbol': '€'}
continent: {'code': 'EU', 'name': 'Europe'}
latitude: 51.9074
longitude: 8.3767

----------

ip: 72.14.76.166
hostname: pool2-166.worldsurfer.net
city: Acton
region: Massachusetts
country: US
loc: 42.4751,-71.4483
org: AS13977 Consolidated Communications, Inc.
postal: 01720
timezone: America/New_York
country_name: United States
isEU: False
country_flag: {'emoji': '🇺🇸', 'unicode': 'U+1F1FA U+1F1F8'}
country_currency: {'code': 'USD', 'symbol': '$'}
continent: {'code': 'NA', 'name': 'North America'}
latitude: 42.4751
longitude: -71.4483

----------

ip: 220.104.205.222
city: Kawasaki
region: Kanagawa
country: JP
loc: 35.6340,139.5475
org: AS4713 NTT Communications Corporation
postal: 214-0011
timezone: Asia/Tokyo
country_name: Japan
isEU: False
country_flag: {'emoji': '🇯🇵', 'unicode': 'U+1F1EF U+1F1F5'}
country_currency: {'code': 'JPY', 'symbol': '¥'}
continent: {'code': 'AS', 'name': 'Asia'}
latitude: 35.6340
longitude: 139.5475

----------

ip: 25.156.135.99
city: London
region: England
country: GB
loc: 51.5085,-0.1257
postal: EC1A
timezone: Europe/London
country_name: United Kingdom
isEU: False
country_flag: {'emoji': '🇬🇧', 'unicode': 'U+1F1EC U+1F1E7'}
country_currency: {'code': 'GBP', 'symbol': '£'}
continent: {'code': 'EU', 'name': 'Europe'}
latitude: 51.5085
longitude: -0.1257

----------

ip: 69.152.99.34
city: Dallas
region: Texas
country: US
loc: 32.7831,-96.8067
org: AS7018 AT&T Services, Inc.
postal: 75201
timezone: America/Chicago
country_name: United States
isEU: False
country_flag: {'emoji': '🇺🇸', 'unicode': 'U+1F1FA U+1F1F8'}
country_currency: {'code': 'USD', 'symbol': '$'}
continent: {'code': 'NA', 'name': 'North America'}
latitude: 32.7831
longitude: -96.8067

----------

ip: 95.27.249.106
hostname: 95-27-249-106.broadband.corbina.ru
city: Moscow
region: Moscow
country: RU
loc: 55.7522,37.6156
org: AS8402 PJSC "Vimpelcom"
postal: 109004
timezone: Europe/Moscow
country_name: Russia
isEU: False
country_flag: {'emoji': '🇷🇺', 'unicode': 'U+1F1F7 U+1F1FA'}
country_currency: {'code': 'RUB', 'symbol': '₽'}
continent: {'code': 'EU', 'name': 'Europe'}
latitude: 55.7522
longitude: 37.6156

----------

ip: 174.107.188.248
hostname: cpe-174-107-188-248.sc.res.rr.com
city: Florence
region: South Carolina
country: US
loc: 34.1954,-79.7626
org: AS11426 Charter Communications Inc
postal: 29501
timezone: America/New_York
country_name: United States
isEU: False
country_flag: {'emoji': '🇺🇸', 'unicode': 'U+1F1FA U+1F1F8'}
country_currency: {'code': 'USD', 'symbol': '$'}
continent: {'code': 'NA', 'name': 'North America'}
latitude: 34.1954
longitude: -79.7626

----------

ip: 241.155.32.251
bogon: True

----------

ip: 143.244.52.234
hostname: unn-143-244-52-234.datapacket.com
city: Bucharest
region: București
country: RO
loc: 44.4323,26.1063
org: AS212238 Datacamp Limited
postal: 050011
timezone: Europe/Bucharest
country_name: Romania
isEU: True
country_flag: {'emoji': '🇷🇴', 'unicode': 'U+1F1F7 U+1F1F4'}
country_currency: {'code': 'RON', 'symbol': 'lei'}
continent: {'code': 'EU', 'name': 'Europe'}
latitude: 44.4323
longitude: 26.1063

----------

ip: 134.47.235.65
hostname: 65.235.47.134.in-addr.arpa
city: Lysaker
region: Viken
country: NO
loc: 59.9005,10.6245
org: AS2119 Telenor Norge AS
postal: 1360
timezone: Europe/Oslo
country_name: Norway
isEU: False
country_flag: {'emoji': '🇳🇴', 'unicode': 'U+1F1F3 U+1F1F4'}
country_currency: {'code': 'NOK', 'symbol': 'kr'}
continent: {'code': 'EU', 'name': 'Europe'}
latitude: 59.9005
longitude: 10.6245

----------

ip: 66.190.166.250
hostname: 066-190-166-250.res.spectrum.com
city: Carrollton
region: Georgia
country: US
loc: 33.5798,-85.0812
org: AS20115 Charter Communications
postal: 30117
timezone: America/New_York
country_name: United States
isEU: False
country_flag: {'emoji': '🇺🇸', 'unicode': 'U+1F1FA U+1F1F8'}
country_currency: {'code': 'USD', 'symbol': '$'}
continent: {'code': 'NA', 'name': 'North America'}
latitude: 33.5798
longitude: -85.0812

----------

ip: 254.27.59.199
bogon: True

----------

ip: 218.102.168.5
hostname: pcd636005.netvigator.com
city: Hong Kong
region: Central and Western
country: HK
loc: 22.2783,114.1747
org: AS4760 HKT Limited
timezone: Asia/Hong_Kong
country_name: Hong Kong
isEU: False
country_flag: {'emoji': '🇭🇰', 'unicode': 'U+1F1ED U+1F1F0'}
country_currency: {'code': 'HKD', 'symbol': '$'}
continent: {'code': 'AS', 'name': 'Asia'}
latitude: 22.2783
longitude: 114.1747

----------

ip: 214.161.11.177
city: Columbus
region: Ohio
country: US
loc: 39.9690,-83.0114
org: AS749 DoD Network Information Center
postal: 43218
timezone: America/New_York
country_name: United States
isEU: False
country_flag: {'emoji': '🇺🇸', 'unicode': 'U+1F1FA U+1F1F8'}
country_currency: {'code': 'USD', 'symbol': '$'}
continent: {'code': 'NA', 'name': 'North America'}
latitude: 39.9690
longitude: -83.0114

----------

ip: 152.152.215.105
city: Evere
region: Brussels Capital
country: BE
loc: 50.8956,4.4170
postal: 1130
timezone: Europe/Brussels
country_name: Belgium
isEU: True
country_flag: {'emoji': '🇧🇪', 'unicode': 'U+1F1E7 U+1F1EA'}
country_currency: {'code': 'EUR', 'symbol': '€'}
continent: {'code': 'EU', 'name': 'Europe'}
latitude: 50.8956
longitude: 4.4170

----------

ip: 152.181.159.155
city: Ashburn
region: Virginia
country: US
loc: 39.0437,-77.4875
org: AS701 Verizon Business
postal: 20147
timezone: America/New_York
country_name: United States
isEU: False
country_flag: {'emoji': '🇺🇸', 'unicode': 'U+1F1FA U+1F1F8'}
country_currency: {'code': 'USD', 'symbol': '$'}
continent: {'code': 'NA', 'name': 'North America'}
latitude: 39.0437
longitude: -77.4875

----------

ip: 183.144.199.7
city: Hangzhou
region: Zhejiang
country: CN
loc: 30.2936,120.1614
org: AS4134 CHINANET-BACKBONE
timezone: Asia/Shanghai
country_name: China
isEU: False
country_flag: {'emoji': '🇨🇳', 'unicode': 'U+1F1E8 U+1F1F3'}
country_currency: {'code': 'CNY', 'symbol': '¥'}
continent: {'code': 'AS', 'name': 'Asia'}
latitude: 30.2936
longitude: 120.1614

----------

ip: 102.149.101.115
city: Lusaka
region: Lusaka
country: ZM
loc: -15.4067,28.2871
org: AS37287 Zain Zambia PLC
timezone: Africa/Lusaka
country_name: Zambia
isEU: False
country_flag: {'emoji': '🇿🇲', 'unicode': 'U+1F1FF U+1F1F2'}
country_currency: {'code': 'ZMK', 'symbol': 'ZK'}
continent: {'code': 'AF', 'name': 'Africa'}
latitude: -15.4067
longitude: 28.2871

----------

ip: 242.88.76.125
bogon: True

----------

ip: 187.14.255.166
hostname: 187-14-255-166.user.veloxzone.com.br
city: Nilópolis
region: Rio de Janeiro
country: BR
loc: -22.8075,-43.4139
org: AS7738 V tal
postal: 26500-000
timezone: America/Sao_Paulo
country_name: Brazil
isEU: False
country_flag: {'emoji': '🇧🇷', 'unicode': 'U+1F1E7 U+1F1F7'}
country_currency: {'code': 'BRL', 'symbol': 'R$'}
continent: {'code': 'SA', 'name': 'South America'}
latitude: -22.8075
longitude: -43.4139

----------

ip: 108.131.188.185
hostname: ec2-108-131-188-185.eu-west-1.compute.amazonaws.com
city: Dublin
region: Leinster
country: IE
loc: 53.3331,-6.2489
org: AS16509 Amazon.com, Inc.
postal: D02
timezone: Europe/Dublin
country_name: Ireland
isEU: True
country_flag: {'emoji': '🇮🇪', 'unicode': 'U+1F1EE U+1F1EA'}
country_currency: {'code': 'EUR', 'symbol': '€'}
continent: {'code': 'EU', 'name': 'Europe'}
latitude: 53.3331
longitude: -6.2489

----------

ip: 93.178.231.9
hostname: 93-178-231-9.static.vega-ua.net
city: Lviv
region: Lviv
country: UA
loc: 49.8383,24.0232
org: AS12883 PRIVATE JOINT-STOCK COMPANY "FARLEP-INVEST"
postal: 79000
timezone: Europe/Kyiv
country_name: Ukraine
isEU: False
country_flag: {'emoji': '🇺🇦', 'unicode': 'U+1F1FA U+1F1E6'}
country_currency: {'code': 'UAH', 'symbol': '₴'}
continent: {'code': 'EU', 'name': 'Europe'}
latitude: 49.8383
longitude: 24.0232

----------

ip: 33.155.124.132
city: Columbus
region: Ohio
country: US
loc: 39.9690,-83.0114
org: AS749 DoD Network Information Center
postal: 43218
timezone: America/New_York
country_name: United States
isEU: False
country_flag: {'emoji': '🇺🇸', 'unicode': 'U+1F1FA U+1F1F8'}
country_currency: {'code': 'USD', 'symbol': '$'}
continent: {'code': 'NA', 'name': 'North America'}
latitude: 39.9690
longitude: -83.0114

----------

ip: 230.176.109.91
bogon: True

----------

ip: 165.229.73.30
city: Gyeongsan-si
region: Gyeongsangbuk-do
country: KR
loc: 35.8233,128.7378
org: AS23980 Yeungnam University
postal: 38611
timezone: Asia/Seoul
country_name: South Korea
isEU: False
country_flag: {'emoji': '🇰🇷', 'unicode': 'U+1F1F0 U+1F1F7'}
country_currency: {'code': 'KRW', 'symbol': '₩'}
continent: {'code': 'AS', 'name': 'Asia'}
latitude: 35.8233
longitude: 128.7378

----------

ip: 148.228.183.205
city: Puebla
region: Puebla
country: MX
loc: 19.0379,-98.2035
org: AS3141 Benemerita Universidad Autonoma de Puebla
postal: 72270
timezone: America/Mexico_City
country_name: Mexico
isEU: False
country_flag: {'emoji': '🇲🇽', 'unicode': 'U+1F1F2 U+1F1FD'}
country_currency: {'code': 'MXN', 'symbol': '$'}
continent: {'code': 'NA', 'name': 'North America'}
latitude: 19.0379
longitude: -98.2035

----------

ip: 229.217.138.255
bogon: True

----------

ip: 70.66.44.156
hostname: s01067cb21b235daf.no.shawcable.net
city: Nanaimo
region: British Columbia
country: CA
loc: 49.2146,-124.0200
org: AS6327 Shaw Communications Inc.
postal: V9T
timezone: America/Vancouver
country_name: Canada
isEU: False
country_flag: {'emoji': '🇨🇦', 'unicode': 'U+1F1E8 U+1F1E6'}
country_currency: {'code': 'CAD', 'symbol': '$'}
continent: {'code': 'NA', 'name': 'North America'}
latitude: 49.2146
longitude: -124.0200

----------

ip: 209.167.197.86
city: Toronto
region: Ontario
country: CA
loc: 43.6230,-79.3936
org: AS701 Verizon Business
postal: M5J
timezone: America/Toronto
country_name: Canada
isEU: False
country_flag: {'emoji': '🇨🇦', 'unicode': 'U+1F1E8 U+1F1E6'}
country_currency: {'code': 'CAD', 'symbol': '$'}
continent: {'code': 'NA', 'name': 'North America'}
latitude: 43.6230
longitude: -79.3936

----------

ip: 152.217.136.36
city: Washington
region: Washington, D.C.
country: US
loc: 38.8933,-77.0146
postal: 20224
timezone: America/New_York
country_name: United States
isEU: False
country_flag: {'emoji': '🇺🇸', 'unicode': 'U+1F1FA U+1F1F8'}
country_currency: {'code': 'USD', 'symbol': '$'}
continent: {'code': 'NA', 'name': 'North America'}
latitude: 38.8933
longitude: -77.0146

----------

ip: 30.160.74.44
city: Columbus
region: Ohio
country: US
loc: 39.9690,-83.0114
org: AS749 DoD Network Information Center
postal: 43218
timezone: America/New_York
country_name: United States
isEU: False
country_flag: {'emoji': '🇺🇸', 'unicode': 'U+1F1FA U+1F1F8'}
country_currency: {'code': 'USD', 'symbol': '$'}
continent: {'code': 'NA', 'name': 'North America'}
latitude: 39.9690
longitude: -83.0114

----------

ip: 114.2.10.7
city: Jakarta
region: Jakarta
country: ID
loc: -6.2146,106.8451
org: AS4761 INDOSAT Internet Network Provider
timezone: Asia/Jakarta
country_name: Indonesia
isEU: False
country_flag: {'emoji': '🇮🇩', 'unicode': 'U+1F1EE U+1F1E9'}
country_currency: {'code': 'IDR', 'symbol': 'Rp'}
continent: {'code': 'AS', 'name': 'Asia'}
latitude: -6.2146
longitude: 106.8451

----------

ip: 132.186.14.32
city: Neubiberg
region: Bavaria
country: DE
loc: 48.0771,11.6581
postal: 85579
timezone: Europe/Berlin
country_name: Germany
isEU: True
country_flag: {'emoji': '🇩🇪', 'unicode': 'U+1F1E9 U+1F1EA'}
country_currency: {'code': 'EUR', 'symbol': '€'}
continent: {'code': 'EU', 'name': 'Europe'}
latitude: 48.0771
longitude: 11.6581

----------

ip: 204.151.247.219
city: Durham
region: North Carolina
country: US
loc: 36.0512,-78.8577
org: AS701 Verizon Business
postal: 27709
timezone: America/New_York
country_name: United States
isEU: False
country_flag: {'emoji': '🇺🇸', 'unicode': 'U+1F1FA U+1F1F8'}
country_currency: {'code': 'USD', 'symbol': '$'}
continent: {'code': 'NA', 'name': 'North America'}
latitude: 36.0512
longitude: -78.8577

----------

ip: 100.185.241.181
city: Bellevue
region: Washington
country: US
loc: 47.5614,-122.1552
org: AS21928 T-Mobile USA, Inc.
postal: 98006
timezone: America/Los_Angeles
country_name: United States
isEU: False
country_flag: {'emoji': '🇺🇸', 'unicode': 'U+1F1FA U+1F1F8'}
country_currency: {'code': 'USD', 'symbol': '$'}
continent: {'code': 'NA', 'name': 'North America'}
latitude: 47.5614
longitude: -122.1552

----------

ip: 216.96.12.66
hostname: h66.12.96.216.static.ip.windstream.net
city: Winder
region: Georgia
country: US
loc: 33.9926,-83.7202
org: AS7029 Windstream Communications LLC
postal: 30680
timezone: America/New_York
country_name: United States
isEU: False
country_flag: {'emoji': '🇺🇸', 'unicode': 'U+1F1FA U+1F1F8'}
country_currency: {'code': 'USD', 'symbol': '$'}
continent: {'code': 'NA', 'name': 'North America'}
latitude: 33.9926
longitude: -83.7202

----------

ip: 255.116.73.44
bogon: True

----------

ip: 207.112.235.67
city: Monroe
region: Louisiana
country: US
loc: 32.5530,-92.0422
org: AS3356 Level 3 Parent, LLC
postal: 71203
timezone: America/Chicago
country_name: United States
isEU: False
country_flag: {'emoji': '🇺🇸', 'unicode': 'U+1F1FA U+1F1F8'}
country_currency: {'code': 'USD', 'symbol': '$'}
continent: {'code': 'NA', 'name': 'North America'}
latitude: 32.5530
longitude: -92.0422

----------

ip: 201.21.34.119
hostname: c9152277.virtua.com.br
city: São Paulo
region: São Paulo
country: BR
loc: -23.5475,-46.6361
postal: 01000-000
timezone: America/Sao_Paulo
country_name: Brazil
isEU: False
country_flag: {'emoji': '🇧🇷', 'unicode': 'U+1F1E7 U+1F1F7'}
country_currency: {'code': 'BRL', 'symbol': 'R$'}
continent: {'code': 'SA', 'name': 'South America'}
latitude: -23.5475
longitude: -46.6361

----------

ip: 202.15.107.232
city: Tokyo
region: Tokyo
country: JP
loc: 35.6910,139.7679
org: AS2907 Research Organization of Information and Systems, National Institute of Informatics
postal: 101-0047
timezone: Asia/Tokyo
country_name: Japan
isEU: False
country_flag: {'emoji': '🇯🇵', 'unicode': 'U+1F1EF U+1F1F5'}
country_currency: {'code': 'JPY', 'symbol': '¥'}
continent: {'code': 'AS', 'name': 'Asia'}
latitude: 35.6910
longitude: 139.7679

----------

